,Experiment,chatter_presence,med,std,rms,curtose,distortion,amplitude,sra,crest,impulse,margin,max,freq_max,freq_sec_highest,fft_mean
0,c_570_015s_split_1,c,0.005438679530800191,0.0016724854004671697,0.005689977660728069,-0.3456751666901212,3629.3720834792834,0.01076282627539297,0.005300209877051934,1.8858081953472559,1.972938281655686,2.0244870963321406,0.0107302065039438,3545.4109114263206,3456.348994728337,0.10406641174139097
1,s_570_014_split_0_noise_added,s,0.005455756307650696,0.0017317047826871605,0.0057239675208068785,-0.2798825957663693,5052.619381047161,0.0129870876553416,0.005306381367314074,2.069509066480946,2.171051294845429,2.2323692664683614,0.0118458026805523,-119.7659535561561,119.7659535561561,0.0996302648955398
2,c_570_014_split_3_noise_added,c,0.005474076344568847,0.004316712313301012,0.0069712131844903175,1.5077719459292531,3065.304429590312,0.0373641769653126,0.0054145277537996405,3.40992252984739,3.9717062432208983,4.390280737130069,0.0237712968981627,119.77690408732312,-119.77690408732312,0.19019357238380014
3,c_770_005_split_0,c,0.0054424931311898355,0.0021581152817458033,0.005854730487184195,0.45093992346231193,4466.879745903536,0.0207335971301615,0.005220254485563366,2.6835269994175923,2.878060164843908,3.0096860948296364,0.0157113273366721,1183.457678989134,1038.9384532374852,0.4168517644033266
4,c_570_015s_split_0,c,0.005439835295749903,0.0016464739950530231,0.005683494207141279,-0.22266248708106584,3182.8433707386625,0.0124328701750367,0.005300975525274778,2.1501278760427236,2.246353165336491,2.305281220378462,0.0122202393281018,455.9756812980602,2122.020158929803,0.2038965707236054
5,s_570_012_split_3_noise_added,s,0.005479920765779907,0.0019212812786838019,0.005806959576629741,-0.357694960320619,9842.975794452583,0.0161509235509079,0.005293029420362323,2.2716225601801687,2.406598559294757,2.4921872396136093,0.0131912203803264,3508.0000000081754,-3508.0000000081754,0.2317528789950899
6,c_570_012_split_2,c,0.005483866215409498,0.0019798312336743937,0.0058303037646170565,-0.2556919410437226,10000.500110174573,0.016044525295230698,0.005283325346250632,2.2358443768135983,2.3763380129957996,2.467319544590433,0.0130356518872342,-3492.7325363764803,-3601.9319903804344,0.43930864494839
7,c_570_012_split_1_noise_added,c,0.005464155172542028,0.0030034963931954125,0.0062352066456327635,0.6038119265239321,7292.776693718503,0.0277565784587733,0.005170168604813791,3.065852532432843,3.423945424601075,3.697408256078293,0.0191162240847553,1049.0000000024447,-1049.0000000024447,0.29465190575284583
8,c_570_012_split_1,c,0.005461268943757431,0.002937974497036413,0.006201369202636032,0.6638936547802401,7286.3617213746,0.026717074256581402,0.0051741770742267925,3.068551225940926,3.4152172113863823,3.677728611965749,0.0190292190692611,3492.7325363764803,3601.9319903804344,0.43930864494839006
9,c_570_014_split_1_noise_added,c,0.005489788039055079,0.002260796623432978,0.00593706168814775,-0.1277314611924325,5432.583312088779,0.0186533392813656,0.005228957353526554,2.5201168397185016,2.721165584509703,2.8613905463692206,0.0149620891387487,3946.6666666758647,-3946.6666666758647,0.17337701585806942
10,c_770_005_split_3_noise_added,c,0.005426003853520993,0.008870271491744049,0.010397425014503154,1.0347040034282955,1766.0221709227196,0.0879023053982587,0.007025288268155258,4.5838349162621554,5.757399360739476,6.784074617512026,0.0402422255775616,1175.5920631404806,-1175.5920631404806,0.31549240864572564
11,c_770_005_split_0_noise_added,c,0.005445990573093821,0.0022299968180640732,0.00588484096768845,0.46041177661597166,4275.1609693477,0.0236909449261553,0.005211808150533981,2.8038048587554503,3.018578402449263,3.165877411761114,0.016499945698208,-2022.8158041226889,2022.8158041226889,0.16197790726578676
12,s_770_005_split_0,s,0.005429267491726768,0.0017130365447560053,0.005693049599444002,-0.42854907942976217,3411.741717452402,0.0125702439160797,0.005281631079586284,2.0060011736720393,2.1032714916524347,2.162260863390777,0.0114202641782578,1275.1319929576846,1112.4740013842452,0.4383478082410918
13,s_570_014_split_0,s,0.005464071121998768,0.0016391786907658523,0.005704623945336164,-0.4247739335989533,4852.324034910675,0.0125957942860097,0.005332255047273785,2.154899189257812,2.249725491320182,2.305382883196964,0.0122928895148256,46.170373248719066,1095.974949146574,0.3124105076490939
14,c_570_012_split_0,c,0.005470543396650313,0.004098869847919552,0.006835732811985699,1.7659656185866055,6135.286882036374,0.041800974615047004,0.005381645473975483,3.644154572641745,4.209433642812404,4.628782610191759,0.0249104669841549,1044.0947795378092,1048.844755787981,0.5613875267700005
15,c_770_005_split_1,c,0.005442036944726861,0.003672948010386227,0.006565468355108507,1.1491849803084158,3516.290045295221,0.0328695121510705,0.005168797221487526,3.408346047897183,3.92954637827452,4.329322115346618,0.0223773881207281,3717.500565183208,4653.832107237212,0.32348117968629925
16,c_570_015s_split_2,c,0.005463502902409626,0.0023339360528741434,0.005941040271357083,0.9747398059453194,2655.543101495717,0.0204409516106142,0.005217774601243227,2.576515372645632,2.787394785201298,2.933660949058837,0.0153071815886583,-3545.4109114263206,-3456.348994728337,0.10406641174139097
17,c_570_014_split_3,c,0.005489754247423588,0.004265072422748191,0.006951732246684346,1.6496709529794504,3111.146511351957,0.0375338096433254,0.005421981814081486,3.359730290384717,3.9045515661566648,4.30763993696394,0.0233559453998296,-46.170373248719066,-1095.974949146574,0.2905389699178007
18,c_570_014_split_2,c,0.005473059792077184,0.0021545391657357377,0.005881851318158826,-0.13339479264673848,5674.059102469559,0.0175983582144486,0.005236899778175978,2.412900112556648,2.591019545768452,2.7100613547678223,0.0141923197076269,-4886.3348489234695,-4985.000200053227,0.257388207178802
19,c_570_012_split_0_noise_added,c,0.005468624297357591,0.004158425627424945,0.0068700807536242105,1.6534999104956256,5879.611985466111,0.0430742756711179,0.005373986131939661,3.8025757437054093,4.406864627460044,4.861196473091702,0.0261240024310288,-1067.5786484390017,1067.5786484390017,0.3502285153504772
20,c_770_005_split_3,c,0.005422403369717288,0.008803361242274477,0.010338524679377063,1.0890702160512582,1802.6754281604187,0.0882247236483642,0.006987880212407452,4.741638066797297,5.952059481216744,7.01522359917054,0.0392031814741066,-1275.1319929576846,-1112.4740013842452,0.41670605280074074
21,s_770_005_split_0_noise_added,s,0.005441200841157258,0.0017959841646566976,0.005729881121595876,-0.2926182025959738,3485.6161644006447,0.0130480023636994,0.0052814368386498445,1.9635211562155523,2.066832977477007,2.130242801072626,0.0112507428048536,2188.566552896405,-2188.566552896405,0.07809872148209028
22,c_570_014_split_2_noise_added,c,0.005473152500309285,0.002230435576483934,0.005910158697322299,-0.11176968404139043,5676.145269243325,0.0184583826666029,0.005218802577809142,2.412013569023781,2.6014814842760368,2.731542870320594,0.0142553829730253,-730.133333335035,730.133333335035,0.16633767013863654
23,s_570_012_split_3,s,0.005480681546603442,0.0018356960801762447,0.005779929317773036,-0.44460883806307505,9923.66041699418,0.0155145725215375,0.005312041760835994,2.2531549469032077,2.3759051280605568,2.4516140725975135,0.0130230763350912,-1044.0947795378092,-1048.844755787981,0.5395022850072471
24,c_570_015s_split_3,c,0.0054730389226591795,0.009477542868874714,0.0109441248004846,-0.31878590711321175,4167.61523210028,0.0667613378796446,0.007326218570834884,3.547818796412028,4.455156436001878,5.299838013570696,0.0388277716774383,-1055.9879315689575,-1037.131004219512,0.8848588760618283
25,c_570_015s_split_2_noise_added,c,0.005449814279816979,0.0024101691945109327,0.005958871715981217,0.8349535618719321,2529.0297922248933,0.0213223574606248,0.0051894858032347745,2.705207706953682,2.9406077928118504,3.1062780209886287,0.0161199856908207,-4707.764505088612,4707.764505088612,0.0858311070131765
26,c_570_012_split_2_noise_added,c,0.005484499048610354,0.002065046035305433,0.005860380504185371,-0.21287357738339985,9666.131900967617,0.0164780654297593,0.005263957691827939,2.313177959760905,2.470555641206392,2.5752682319501443,0.0135561030180941,-19.40000000004521,-1067.600000002488,0.23945999486072445
27,c_570_015s_split_0_noise_added,c,0.0054509098167307545,0.0017326044723187195,0.005719588774265609,-0.17077168230588002,3409.575427201922,0.012112165365901,0.00529696972656444,2.0072746011725857,2.1057954502077334,2.1674251257579904,0.0114807852757352,4918.941979577337,-4918.941979577337,0.07138325163035693
28,c_570_014_split_0_noise_added,c,0.0054890869759978865,0.0026542902670306312,0.0060971269401851194,0.11186279443549507,5309.58912712439,0.0215109923006592,0.005167250159320487,2.578542477513952,2.843162664211716,3.042566224068676,0.015721700806062,-1058.6102074674718,1058.6102074674718,0.18958144385371473
29,c_770_005_split_2_noise_added,c,0.005480409304018397,0.007996549047857945,0.009693608343268732,0.22759591701446213,1829.0909581391925,0.0632378761698512,0.006644734187144984,3.7377513621338028,4.6576962222244935,5.452783628145716,0.0362322977890443,-2205.6313993225467,2205.6313993225467,0.24557175245667007
30,c_770_005_split_1_noise_added,c,0.00543955379985221,0.003730387425844408,0.006595723450342964,1.0531054917240361,3506.7490020192367,0.032932875636648096,0.0051626839035096,3.417611835167389,3.952651537235548,4.366260446443249,0.0225416225253832,1952.695652143777,-1952.695652143777,0.240396869370353
31,c_570_015s_split_3_noise_added,c,0.005464631882466959,0.009540862535198388,0.010994821428462533,-0.2991598652681873,4074.938886853283,0.0672845052637185,0.007361109971723232,3.628458824759834,4.556126190536851,5.419597994325872,0.0398942568387634,1053.2571428595977,-1053.2571428595977,0.5141662547206268
32,c_570_014_split_1,c,0.00548803794337368,0.0021820764478033138,0.005905909256631066,-0.1564087049471805,5610.273259231156,0.0182869792297276,0.005242966134217309,2.4403248480229265,2.6234037703111523,2.7488899871135506,0.0144123371091254,4886.3348489234695,4985.000200053227,0.257388207178802
33,c_770_005_split_2,c,0.005432023499292212,0.00790477631393334,0.009590570319556712,0.19508189469911796,1815.7519820235557,0.0617865294630765,0.0065992257744441835,3.7651271041550047,4.685303032863798,5.471811010664933,0.0361097162544675,-4686.150071986272,-4728.281158328245,0.32989368063791297
34,c_570_014_split_0,c,0.005497792671437311,0.0025875184300117836,0.006076233934166533,0.14443577449263145,5345.235703022012,0.021649721825035502,0.0051864305002854855,2.561352600765149,2.8129518257120245,3.000787842289262,0.0155633775901349,229.196944043316,1578.3789549649648,0.33530483390869836
35,c_570_015s_split_1_noise_added,c,0.005435533681041771,0.0017675292530288267,0.005715638165746891,-0.24351739916033033,3403.7827206091524,0.011737466024719501,0.005277509072949399,2.0106877255822115,2.114262020684701,2.177611320962421,0.0114923635037365,4374.999999971338,-4374.999999971338,0.07231508016007301
36,c_570_040_split_0,c,0.005451781647919154,0.003726782101628464,0.006603817433511266,1.0196261740120782,4176.305035199138,0.0433942333162011,0.00517868674969165,4.336169925678996,4.9998052068931145,5.529447123167125,0.0286352745498662,2411.5625785764505,41.1425436759536,0.8258324925062078
37,c_1030_012_split_2,c,0.005464719094868136,0.0030769517356955696,0.006271377906104007,-0.08736074207870503,4511.083132172199,0.0250269622902793,0.005075080775367723,2.7702725693083075,3.128868582831839,3.423280722815152,0.0173734261850461,-2969.5524871671264,-2903.1535495499734,0.45288031454222777
38,c_1030_014_split_1,c,0.005464026349589588,0.004156976435856874,0.006865389984186081,-0.18836054771494481,3246.9748523994867,0.0283189281218309,0.005274038927177852,2.58139602611697,2.9982182141332205,3.3602881335584738,0.0177222904229212,2949.9395577114897,2917.229609620679,0.29246630745819374
39,c_1030_010_split_1_noise_added,c,0.00544910782457365,0.003653770086097165,0.00656060192039434,-0.15094572181843313,3767.375920505793,0.026022534544354804,0.0050716505003307885,2.6741811782224496,3.0952092270216367,3.459275865358686,0.0175442381733286,-1067.2442650413768,1067.2442650413768,0.16634583202548797
40,c_570_040_split_1_noise_added,c,0.005444219252525287,0.003911207405545128,0.00670347674233427,1.0310105983017213,4402.966551211813,0.0468795918192819,0.005215954682666886,4.113065259114242,4.759999061948935,5.286057679105081,0.0275718373041754,120.07436077192524,-120.07436077192524,0.4728405766096045
41,c_1030_010_split_2_noise_added,c,0.0054348215420432595,0.004344763839605055,0.006957787463286722,0.010241473447359262,2564.44329639224,0.0293984848484302,0.00523670772645231,2.8815815755787457,3.392305251374108,3.8286330282905827,0.0200494321609998,4487.109160734539,-4487.109160734539,0.1463871107514648
42,s_570_035_split_3,s,0.005466160496880595,0.002412721600545746,0.005974950546083831,0.5247760438480067,6293.334131497736,0.03154046008715,0.005200555650052164,3.7941970599409593,4.124741127656003,4.359176465118013,0.0226701397952439,-409.7735461981988,-1614.0203221028753,0.6523653600243624
43,c_1030_013_split_1,c,0.0054301705321121545,0.00391158028843738,0.0066921158604839,-0.433651428085184,2966.7033718063676,0.023938160528382702,0.005089506168099878,2.49134146065166,2.9043299490559322,3.27582778211517,0.0166723457027081,3298.13494241032,4905.375754262666,0.25155536097891823
44,s_570_035_split_2_noise_added,s,0.005489111300440593,0.0025089718050104607,0.006035327001037895,0.9600176172207155,5670.576258701497,0.0370764080591582,0.005219570154627494,4.21076280569127,4.5961280504358895,4.868855040414393,0.0254133304561546,436.9553400792214,-436.9553400792214,0.33481372883128324
45,c_570_040_split_1,c,0.005448355418091277,0.003851064829405062,0.006671943128187193,1.0764965965203253,4536.181773861619,0.0450135245833744,0.005218178894907037,3.992335368509523,4.6079148703555495,5.104584389267155,0.0266366345273458,2508.780885484815,2696.131839001796,0.8072933120916054
46,c_1030_010_split_3_noise_added,c,0.0054368609241059445,0.003558719980995821,0.006497817243120588,0.3617080487985098,2210.357448435066,0.0307058292206902,0.005053401626394646,3.342315538516471,3.86314246195854,4.297650799154223,0.0217177555381222,-4686.414335355592,4686.414335355592,0.14633344006144589
47,c_1030_015_split_1,c,0.005420277245358575,0.0048297335704057505,0.00725975709481014,0.05820495943094439,3633.9176723741684,0.0375055558037623,0.005299848315859527,3.262116957653477,3.904356589455486,4.468463117436321,0.0236821767274253,2930.081243006953,2980.2136850969887,0.6287297018609601
48,c_1030_010_split_0_noise_added,c,0.005445082426347558,0.00508179057599287,0.007447737649252332,-0.4300911412748212,2854.251882959694,0.0301752551775206,0.005444664203557684,2.5893769900219965,3.0876187641069888,3.5419999793730503,0.0192850004966945,-548.5463521656004,548.5463521656004,0.13960437007271723
49,c_570_035_split_0_noise_added,c,0.0054539904437108,0.0029509566658600943,0.0062011292774070284,1.401735371516212,5948.329314176563,0.040922202341629396,0.005176449028737763,4.014236303467987,4.470123469744742,4.808856057438166,0.0248927982678655,119.5819890587872,-119.5819890587872,0.4220276276270806
50,c_1030_010_split_3,c,0.005428786376441966,0.0035060001372034825,0.0064623146703871185,0.3402398672646796,2256.081965544126,0.0304035341680176,0.005052537600678647,3.2747102789698723,3.77645205919078,4.188431625766038,0.0211622082770545,-1279.9414883920851,-45.71219601400304,0.17737349108462552
51,c_1030_012_split_0,c,0.005447677763554574,0.00421298670364593,0.006886603959926504,0.2586968259225797,4357.849065369761,0.030290915173886997,0.005262226660514739,2.8677244074249715,3.347369453656823,3.752951656061677,0.0197488822601507,488.4721844461873,1192.460920628049,0.3078594609322888
52,c_1030_013_split_0_noise_added,c,0.005438978912279806,0.003817337045617571,0.0066446887996526125,-0.2980800155621832,2915.4226813302257,0.0232311507434673,0.0051419343193153215,2.5351117431329464,2.930110316393189,3.27601006924303,0.0168450286054633,-2664.1067836842662,2664.1067836842662,0.12692693028925522
53,s_570_035_split_1_noise_added,s,0.005431030906750879,0.0027605037160314256,0.006092318430649288,0.9351702839152454,6326.21657894514,0.0371004084955759,0.005131299471620386,3.774513589882522,4.180721112541532,4.4814259696902585,0.0229955387103775,-4037.908542582001,4037.908542582001,0.387302453098988
54,c_1030_015_split_1_noise_added,c,0.005416158190342851,0.004889403878981699,0.007296529304650145,0.06948062347825612,3496.9561603719058,0.038826391738833,0.00531566842272241,3.389778348233884,4.06330328816873,4.652964610890802,0.0247336170541571,3785.8209485636926,-3785.8209485636926,0.2753319985005412
55,c_1030_015_split_2,c,0.005430042356528696,0.004537504514262038,0.0070762167264567495,0.17883049081717628,3329.5272200395098,0.0396667993287545,0.0052806875379743795,3.56008713213867,4.207113642916286,4.7705810902317625,0.0251919481120831,-2930.081243006953,-2980.2136850969887,0.6287297018609601
56,c_570_040_split_0_noise_added,c,0.005449612765394645,0.003787413779945377,0.006636440708250439,0.9531071841564707,4069.2153092018125,0.0437364654400007,0.005176185330676441,4.450217116370459,5.146077357079552,5.705669357819198,0.0295336020316338,2372.840032919314,-2372.840032919314,0.4440298049970042
57,c_570_040_split_3,c,0.005439840545365096,0.0030783299011900743,0.006250415293344347,1.528862391992277,4602.15550813443,0.0368931143967271,0.005191667547924984,3.9350708910143086,4.394488426029651,4.737558222005281,0.02459582727759,-2411.5625785764505,-41.1425436759536,0.804063483221476
58,s_570_035_split_2,s,0.005489466715075664,0.0024342847997552534,0.006004988209676806,1.0384841615867586,5831.455480355648,0.036403135566007896,0.005237185733724295,4.094630174410377,4.449277912396839,4.694927232003266,0.0245882059203212,-4371.750699175499,-4928.855106389117,0.6642183740753105
59,c_1030_013_split_2_noise_added,c,0.005464856274934766,0.003305987668984787,0.006386877963248461,-0.3051696177093701,2918.9048441890086,0.0219386985886949,0.005072536964286922,2.532090981138851,2.8865500578609615,3.1881790516728783,0.0161721560883759,-890.4735783527792,890.4735783527792,0.1310166365081272
60,c_1030_012_split_2_noise_added,c,0.0054765603493732535,0.003137859401655323,0.0063117544890893655,-0.051636332782586614,4691.353101655219,0.0244503338173655,0.00508563557833624,2.6638713655931845,3.015636948992217,3.3061161758743207,0.0168137020501394,4172.800000009725,-4172.800000009725,0.20752771566989797
61,c_1030_014_split_3,c,0.005482649155022269,0.0034151696668184967,0.0064591924231185436,0.06240599052610207,2935.7975413488607,0.0284877957578786,0.005113352403778927,2.85450395903993,3.2584392493583003,3.6058125644472496,0.0184377903439926,-698.9973689840652,-119.46241911426549,0.2318538953357378
62,s_570_035_split_1,s,0.005432199603762751,0.00269433325535544,0.00606367025315886,0.9997528472913504,6438.73803269233,0.0362298613472075,0.005144327176953447,3.708567371496208,4.091951606408079,4.371325710604311,0.0224875296523771,4371.750699175499,4928.855106389117,0.6642103045913051
63,c_1030_015_split_3,c,0.0054620176858830955,0.005098254582360971,0.007471545261024417,-0.14483614603136763,3704.090088102266,0.0408897533383176,0.005418905852324651,3.200249190598855,3.8394954878898426,4.412478704323425,0.0239108066741161,-1089.9361789149152,-430.3923485814728,0.3389592991549709
64,c_1030_013_split_3,c,0.005440687040943889,0.003255419220110818,0.006340101891111415,-0.06810576923043055,2392.2557121930063,0.0273137001398195,0.005042278967383898,3.0886397474388287,3.520164941004952,3.883619060025698,0.0195822907036988,-476.3210824659117,-119.76595355668798,0.18836929375759606
65,c_570_040_split_2,c,0.005453701874915404,0.0035187896796519316,0.006490328774667204,1.1884369875522411,4794.240239807244,0.0359449423315938,0.0051653627505185646,3.7775369622973454,4.321074816145553,4.746512109203953,0.0245174568437674,-2508.780885484815,-2696.131839001796,0.8072933120916056
66,c_1030_015_split_0_noise_added,c,0.0054081439007504645,0.0068074303320809285,0.008694011325439123,-0.37998025944182023,4208.500528235528,0.0400097663684671,0.006203745133346287,2.817014188407304,3.4177011954107965,3.947801325088499,0.0244911532579358,2908.341036757,-2908.341036757,0.25393624326001096
67,c_570_035_split_0,c,0.0054545384478028695,0.0028828241943358803,0.006169482903331028,1.5214414463916395,5888.690999692838,0.040044508049406805,0.005189887027751893,4.054879226399426,4.497560499020351,4.820241351800642,0.0250165080623434,409.7735461981988,1614.0203221028753,0.674196094607087
68,c_1030_012_split_1_noise_added,c,0.00545956973715976,0.003251114373696748,0.0063542088352610444,-0.004423357109860859,4202.328509386828,0.0277494178430695,0.005085251180449536,2.9736995372710053,3.380547725344948,3.715747207489707,0.0188955078731391,2672.639999982491,-2672.639999982491,0.224552682020046
69,c_1030_012_split_1,c,0.005461576460148525,0.0031906114169789972,0.006325200955236725,-0.01925156542770523,4183.7981253467715,0.0275051665243448,0.005084615598035755,2.9868627922156086,3.38710587573757,3.7156215690683854,0.0188925073864832,2969.5524871671264,2903.1535495499734,0.4528803145422277
70,c_1030_014_split_0_noise_added,c,0.005483525941569601,0.0033889271132718514,0.00644610351356007,0.49557170677607854,3016.9317110645065,0.028864383671199,0.0051929121939385744,2.7780208946862928,3.148007001568884,3.4484330913361143,0.0179074102499806,-119.45392491442368,-295.79067121666816,0.1309746877283879
71,c_1030_015_split_2_noise_added,c,0.005430777610685325,0.004594301383728241,0.0071133290187756415,0.14433456934417732,3466.19114968679,0.037552151985026,0.005295627849330986,3.419840227470936,4.047430775943421,4.5936854744652305,0.0243264487296453,4192.562042211031,-4192.562042211031,0.2829370439552227
72,c_1030_010_split_1,c,0.0054477103321611715,0.0035870700891033284,0.006522526570979826,-0.15245616546305785,3749.600907533929,0.0259484975671073,0.005060218268419304,2.6868491663916294,3.103106810242756,3.4632982512587978,0.0175250450800044,2875.2523014885105,4689.853788225374,0.3172407162856308
73,s_570_035_split_3_noise_added,s,0.005462526701089751,0.002485299351016141,0.006001316732167887,0.4749094855222489,5895.455847905975,0.0332510693450276,0.0051805475136211835,4.050192211911992,4.422874308592908,4.691875950550515,0.0243064862898435,-3177.219406996586,3177.219406996586,0.3356711116768073
74,c_1030_015_split_0,c,0.005400589234675073,0.006750320620161171,0.008644648770428167,-0.38934582205233115,4163.959348311883,0.0395590134302045,0.006176095759826168,2.847130042816772,3.4501288293307164,3.985112955013159,0.0246124392238851,1089.9361789149152,430.3923485814728,0.3606477343656878
75,c_1030_016_split_1,c,0.005462903489496633,0.0036825404101063653,0.006588143093535052,0.049721309001839575,4562.599294570942,0.0291674238265952,0.00511997051896333,2.872738254494078,3.3175290332305343,3.6965077476092887,0.0189260106908791,2963.447804402479,2947.1571322667637,0.5450159405430903
76,c_570_040_split_2_noise_added,c,0.005449705928109153,0.003578119440562672,0.006519343774870833,1.111825353016493,4612.506410574564,0.0373043890583885,0.005158875804467223,3.9263042005571873,4.504744652889464,4.961725736057954,0.0255969268481517,988.3277969120649,-988.3277969120649,0.4322434260983502
77,c_1030_014_split_1_noise_added,c,0.005469067695223121,0.004220877564205859,0.006908254145113086,-0.19699476071045252,3247.620818632708,0.0290961004396929,0.005281604494644367,2.580883061367083,3.0057858461618707,3.3757537363542838,0.0178293961067413,-120.875995449656,4462.457337894359,0.15735451141300905
78,c_1030_015_split_3_noise_added,c,0.0054620406811501845,0.005153758666784128,0.007509542458257269,-0.12160034818790821,3724.701948340999,0.0412444477057593,0.005449505166584156,3.18255235319365,3.820288028553298,4.385629757447304,0.0238995120219343,-2924.903996567384,2924.903996567384,0.2919628133468965
79,c_570_040_split_3_noise_added,c,0.005434128492902156,0.0031392248211073673,0.006275682004017334,1.40717019266061,4473.881562188918,0.0372375193038153,0.005171820707458714,4.047840644559376,4.538542298674337,4.911802269470686,0.0254029606881912,3021.4555650442235,-3021.4555650442235,0.35362189426978874
80,c_1030_014_split_2_noise_added,c,0.005485797538295682,0.0031672653064627,0.006334360061589036,-0.16785660952410542,3062.6073855978766,0.0240571214851214,0.005072744919040694,2.736439405556668,3.1046940826877494,3.4170045523981427,0.0173335924815166,-119.47091452168364,-4790.2147632027445,0.1481598447999585
81,c_1030_016_split_2_noise_added,c,0.005446498658596613,0.0039057089656475475,0.006702090916279007,0.11295094548181206,4407.245060823975,0.0331815199252713,0.005145088367608884,2.973950305250223,3.4561245736426445,3.8739247807216386,0.0199316853262827,119.851058877502,-119.851058877502,0.29137119494418245
82,c_1030_013_split_3_noise_added,c,0.005436950594108693,0.003313258555520908,0.006366797213879168,-0.01966597324666841,2398.867037282184,0.027206997922688398,0.0050499279529521044,3.0801421821530908,3.5170830597216924,3.883350583689009,0.019610640663684,-4962.51599928017,4962.51599928017,0.14444738089730025
83,c_1030_016_split_3_noise_added,c,0.005443304224881814,0.0038225742223782044,0.00665137462397506,-0.03317750354910576,4168.700743920091,0.0320086410113496,0.005117763746811298,3.1439410903307454,3.6491158472392504,4.086067865193592,0.0209115299874984,927.4451620432392,-927.4451620432392,0.2779336638241868
84,c_1030_013_split_0,c,0.005441363012275542,0.0037609403414671236,0.006614417385326759,-0.3222265160602258,3001.2649383690627,0.0233531743651647,0.005138826577596293,2.462684002977973,2.8393140331319406,3.1698325751796337,0.0162892198838636,476.3210824659117,119.76595355668798,0.21008566753132046
85,c_1030_013_split_2,c,0.00545853595676201,0.0032498890451634825,0.006352594933468138,-0.33112427379749887,2945.4399522771137,0.0215247398046245,0.005067290580863111,2.509306065890192,2.8528201335395877,3.1457846646678265,0.0159406050006949,-3298.13494241032,-4905.375754262666,0.2515025595370844
86,c_1030_014_split_2,c,0.005478254817170574,0.003113012201580049,0.006300852522200955,-0.17526115395677877,3099.1657708241482,0.0232469482798342,0.005085789811720513,2.7041935866633158,3.057576906038237,3.3502613383235813,0.0170387249810472,-2949.9395577114897,-2917.229609620679,0.2925000914744775
87,c_1030_012_split_3_noise_added,c,0.005457567365783885,0.0029555790064479718,0.006206442599976279,-0.1982036377978753,4369.077858848803,0.0235119207115744,0.00508730224156724,2.860266519717712,3.2066816994845295,3.489487970699581,0.0177520799752619,-168.95999999739246,168.95999999739246,0.20842747175517679
88,c_1030_014_split_3_noise_added,c,0.0054693445571285335,0.0034760622796000313,0.0064803564965794066,0.08317474201856045,2946.400196348191,0.0287894626829045,0.00511625616835624,2.8442438337352587,3.2534720214320005,3.602578408759383,0.0184317140058022,-1524.676432943391,1524.676432943391,0.17268980641865017
89,c_1030_010_split_0,c,0.005432119286560401,0.005040684986907064,0.007410248252682397,-0.4379280364850504,2790.2400757220853,0.0316335533128768,0.005413581552310707,2.6487053819563897,3.1580003447160525,3.6256153599708982,0.0196275644285128,1279.9414883920851,45.71219601400304,0.19901026858822216
90,c_1030_016_split_0,c,0.005470981639044682,0.0037301144516914296,0.006621524327036433,0.0027546574217227615,4956.61668779009,0.0263800056598198,0.005150576151922083,2.6444719800388126,3.05382492593783,3.399704233371773,0.0175104355479932,2358.947506223589,2360.402030521421,0.4304044185331409
91,c_1030_016_split_0_noise_added,c,0.005472796259466283,0.0037765810373940733,0.006649303229049473,0.0012570445151651732,4820.136150024815,0.0263540701133175,0.0051537820035436116,2.71931754614507,3.146485301949991,3.5084074041084525,0.0180815669403933,-2897.952059570333,2897.952059570333,0.21354468893484635
92,c_1030_016_split_2,c,0.0054479826209368675,0.0038443432398802464,0.006667730479062828,0.09637430277863634,4262.4742841553525,0.0317419872227016,0.0051402036473425505,3.074902971752288,3.565524409287657,3.988679373727403,0.0205026242649136,-2963.447804402479,-2947.1571322667637,0.5450159405430902
93,c_1030_012_split_0_noise_added,c,0.005450255143654457,0.004275092111455292,0.006926797533984267,0.25724833019055815,4251.693661896743,0.0314175257904648,0.005271753792451314,2.9392860490883153,3.438986867720762,3.862061878848134,0.0203598393564993,1898.758479453308,-1898.758479453308,0.21474432773400043
94,c_1030_014_split_0,c,0.005483757186942281,0.003324639990176267,0.006412741387441049,0.5449644368889923,2934.1251217057456,0.0281137680414923,0.005203561336756072,2.8563322108190787,3.2247746804421724,3.5200737724020694,0.0183169197846005,698.9973689840652,119.46241911426549,0.25372805286731426
95,c_1030_012_split_3,c,0.005460245682813359,0.0028921684250857106,0.006178866059310537,-0.22448962222782542,4522.554576760519,0.022367727155726998,0.005093616510754154,2.7632492203618115,3.088404909695621,3.351989060240812,0.0170737468211099,-488.4721844461873,-1192.460920628049,0.28604459628502676
96,c_1030_016_split_1_noise_added,c,0.005467913669175274,0.003739357994412483,0.00662420293944661,0.07765976223652427,4368.407328877878,0.0296649134127555,0.005127654707099912,3.0003767001086894,3.4730963319248085,3.8760613363429886,0.0198751041563071,-120.43286013525857,120.43286013525857,0.2748852741766224
97,c_1030_010_split_2,c,0.005439266858461869,0.00428732052515369,0.00692555992523497,-0.0037462018674916386,2601.310569903286,0.0292809851039775,0.005230797458342771,2.8408028357354365,3.339509717599704,3.7612143141356484,0.0196741502746632,-2940.2084476206755,-2889.9250320052724,0.30924948387818946
98,c_1030_013_split_1_noise_added,c,0.005427722714501347,0.003970335064082451,0.00672464512362719,-0.398824575189876,2757.322881386173,0.0269173901017988,0.005095518286125222,2.6802845986705095,3.131284940210846,3.5372187369949835,0.0180239627563827,-3112.086304633327,3112.086304633327,0.13557099927248345
99,c_1030_016_split_3,c,0.0054435157000782795,0.0037723512854210112,0.006622814311858387,-0.02720228378099021,4174.332342133435,0.0313896532770274,0.0051157804977457625,3.1397020289304955,3.6372465387446784,4.064612143021832,0.0207936635321717,-2358.947506223589,-2360.402030521421,0.4086031243691364
100,c_770_002_2_split_1_noise_added,c,0.0054752095052589605,0.016385523448810526,0.01727546870529723,1.8351871645057587,2374.262371944681,0.1668382961120795,0.010679337931222676,4.95272361812893,6.564117659075968,8.01179084527546,0.0812776742411067,1121.600000002614,-1121.600000002614,1.1194542902895908
101,c_570_002_split_1,c,0.005506737553398817,0.0023950173621113398,0.006004897874654027,1.1596001184948825,2265.6775465599976,0.0234536337877721,0.005292072854766981,2.756138255011248,2.979261260408536,3.1273811234215216,0.0165503287497697,3556.252399854698,2893.254831697515,0.11091628751714355
102,c_570_005_split_1_noise_added,c,0.005476625266232602,0.008920926817431174,0.010466767005925564,1.3165278309405561,1452.2457451806456,0.0898164194448336,0.006949131597529195,4.5531397221294485,5.789863935607955,6.8579292172130115,0.04215976682788,951.1343804559688,-951.1343804559688,0.27513933597921025
103,c_770_005_split_0,c,0.005457265265403586,0.040642875494716735,0.04100726407692228,2.189605261223714,3806.8079807217487,0.4696457460763236,0.0244627124643137,6.2280825850690436,8.479188921626417,10.44024155667041,0.2553966272588071,945.8624628315024,845.8629072741827,6.050340106343832
104,c_570_005_split_2_noise_added,c,0.005478672431342654,0.010562374262539849,0.011897359012942225,0.78581476286287,1596.8624344614254,0.08257704922925,0.007825156518914774,3.6646755378817724,4.677796299591961,5.571768492392179,0.0435999605401266,980.2210587486686,-980.2210587486686,0.33237246952147764
105,c_320_005_split_3_noise_added,c,0.0054473241397335935,0.005216072054464385,0.0075418914124432464,8.761518363875869,2655.4034660809384,0.1091307656249654,0.005540769747597354,7.871378020887825,9.583106338129424,10.714229430950619,0.0593650782998284,-923.6571428592956,923.6571428592956,0.5132121010168847
106,c_770_010_split_2,c,0.005440704723940094,0.030663892093171632,0.031142583415740048,-0.24499088526214008,6045.7955761011635,0.2522902468025276,0.02188609429944466,4.1345395437377475,5.056169281732236,5.883198750075557,0.1287602426265286,-4018.2639269893466,-3489.94604025497,6.726847503902405
107,c_570_001_split_0_noise_added,c,0.005500558357826172,0.009118450979975727,0.010648895004138686,1.297379094845283,3907.902673857128,0.0848488962515047,0.0070401584063999436,4.044760473228434,5.159357952785136,6.1180767690034585,0.0430722295962999,887.9644814306994,-887.9644814306994,0.6337337045877217
108,c_770_002_2_split_0_noise_added,c,0.005483044059445028,0.008665018656300816,0.010253795119295136,8.223307402810544,1803.241196141773,0.125231398135087,0.006476234061702231,6.190871381334019,8.25966646350781,9.801981545031042,0.0634799267541067,-3310.9351251977014,3310.9351251977014,0.64881039351373
109,s_425_025_split_0,s,0.005518823718388511,0.0021619792020824164,0.00592712591058032,-0.4675864819936164,3303.0951110344126,0.0155353613621221,0.00527953312160032,2.392515358467419,2.568489900640884,2.685983674316862,0.0141807397726336,612.375504975789,1349.146034149795,0.18338995759789614
110,c_770_002_2_split_2,c,0.005492647852618659,0.01626786786259311,0.017169494277516816,2.4818241677831123,1783.8268505203669,0.2037266035419008,0.010310528822735353,6.257789702347758,8.467670391416322,10.420715205940247,0.1074430844843635,-3909.32181357284,-3782.524349521825,2.2192862066774093
111,c_570_001_split_1_noise_added,c,0.005494372799427959,0.012526862921960728,0.013678601910754712,0.5115748657212267,3929.190911326834,0.1092716892094164,0.009115051991916751,4.022779852599428,5.0857869790942845,6.036828339224975,0.0550260041783121,-915.999999993999,915.999999993999,0.8586328955233359
112,c_570_010_split_1_noise_added,c,0.005493453191697701,0.01185585919443941,0.01306651456019766,1.4546187134432662,3421.613085304719,0.11811750494593021,0.008269470666083363,4.619061103019633,6.041817583151115,7.298535975777808,0.0603550291570487,-2059.1999999865097,2059.1999999865097,0.7238246239004159
113,s_425_020_split_0,s,0.00551088825794335,0.0019984261964112807,0.0058620289719242555,-0.448826178914127,5911.046917846141,0.0156062219291682,0.005306348717936799,2.316251275824357,2.4630960551551526,2.558808854616369,0.0135779320851389,884.9215343894637,891.9881068352437,0.34698179972984733
114,c_770_002_split_3_noise_added,c,0.005495784909876756,0.026018696092824155,0.026591426959481218,18.90727596311123,1049.2746875689995,0.4758017092117966,0.010203755163843597,9.186139406206747,17.081219725502972,23.939476314104855,0.2442725550597589,3770.666666641964,-3770.666666641964,1.2399911665337557
115,c_425_025_split_1,c,0.005454446550133241,0.012788157902865074,0.013902595263784474,-0.49294955793290063,5491.944624623283,0.0745130159409752,0.009556567131960132,3.053149939721689,3.764349931336576,4.441627135087411,0.0424467078915986,3886.365454538351,3742.8111750205007,1.1579819416061883
116,c_570_002_split_3,c,0.0054984728645226235,0.0036212684715408706,0.0065835728819655884,3.4512973320900002,1943.5053854969335,0.0363702728165134,0.005365903127943697,3.2114875541601715,3.6398125417842024,3.940261661123441,0.0211430623723389,-119.67234097045682,-1834.1226161568409,0.1580311777685157
117,s_570_005_split_0_noise_added,s,0.005477628237663112,0.0023122010912429818,0.005945561995027051,-0.29565490346894263,3387.004020528402,0.0160251255107944,0.005213341093325143,2.182473826278665,2.3629645903173424,2.4890052663689035,0.0129760334366637,-2987.7491315017755,2987.7491315017755,0.09114104438977215
118,c_320_005_split_1,c,0.005500054544015566,0.007433889738033056,0.009246862959388853,3.344325269931617,1615.158499012668,0.0743823788235712,0.006494406287409869,4.8853318348748465,6.120263926177692,6.9558312167506715,0.0451739939882274,4809.407623706261,3431.462741498338,0.4543217678798235
119,c_770_002_split_2,c,0.00544011189626236,0.030929795568780245,0.03140294617489439,4.8045066216610115,1433.119336013905,0.42254608906376023,0.01740505858884124,6.739824207708381,9.654864219934785,12.160277182784672,0.2116503368229165,-3812.9649876092167,-3741.500226669342,2.7061191168652186
120,c_770_005_split_3_noise_added,c,0.005381956794259389,0.040845556831975965,0.04119824404176482,0.8880879249753795,4809.578629177011,0.42526716356672356,0.026975764265681722,5.392305656710369,6.92288188402542,8.23530047953318,0.2031136391737809,-908.2666666687834,908.2666666687834,4.505784705375838
121,c_770_001_split_2_noise_added,c,0.005510376424768618,0.006554229735899139,0.008562747712073177,0.5280055513715456,4216.188766754618,0.0645320748032309,0.005877762006268695,3.97652848014001,4.934060190755498,5.793022941214361,0.0340500101453127,-1134.9333333359782,1134.9333333359782,0.6271011808831852
122,s_425_025_split_1_noise_added,s,0.0055215518753904055,0.0023361900559955074,0.005995368699665032,-0.3199995142621752,3626.3221415355893,0.0158781726778877,0.005250510934843867,2.179257560810377,2.3616205679971727,2.4884154572243404,0.0130654525685909,4964.800000011571,-4964.800000011571,0.09597602098557839
123,c_770_005_split_0_noise_added,c,0.005466189861646281,0.040862838774630206,0.041226461648125934,2.152377428365086,3830.0127468608293,0.46855593711271637,0.024688277377275823,6.190374500225225,8.410298948312425,10.337182826533533,0.255207236921072,958.3829620786516,-958.3829620786516,4.871511960384539
124,c_770_002_split_1,c,0.005454865859561131,0.020839437271695953,0.02154045923182397,0.32084699454458043,2848.349007763948,0.14383416449029512,0.01400139053868727,3.397229998278967,4.352804697071037,5.226473333263544,0.0731778942790575,3812.9649876092167,3741.500226669342,2.7061191168652186
125,c_425_020_split_2,c,0.005509838819037704,0.003418727013113278,0.006484242041924742,0.881422053822257,4439.064914845626,0.029418792284346802,0.005197302602065622,3.0838906525200143,3.5139536928879513,3.8475137879833072,0.019996693421769,-3011.1598512357464,-2569.565739152289,0.20552617400488757
126,c_570_002_split_2_noise_added,c,0.005464967633138137,0.0128135122749068,0.013929690771043758,1.069514343706504,2343.3478967439064,0.11651623956203791,0.008869228094959292,4.362352441447547,5.684752394655201,6.851353905105651,0.0607662205436721,933.2314452213936,-933.2314452213936,0.5434625390481872
127,c_425_025_split_0_noise_added,c,0.005496604788107546,0.009274298219749977,0.010780640683567677,1.4060171114665367,4236.0643920360635,0.0812389255104923,0.007130400960096367,3.957951376132639,5.05818603573571,5.9841307477527215,0.0426692516291182,863.2581952661802,-863.2581952661802,0.591571219099643
128,c_570_002_split_0,c,0.005506600333460355,0.00217633547564188,0.005920968758583461,-0.3413277544116986,2827.5496250320975,0.015721797776675,0.005264969467473904,2.209225447000493,2.37321048024421,2.4844882640190424,0.0130807548523575,119.67234097045682,1834.1226161568409,0.18000931914507867
129,c_770_001_split_2,c,0.005509663145058797,0.006492412139384234,0.008515063396279042,0.5440349192795195,4188.360485886542,0.0651249162335033,0.0058375657176122425,4.002934305075268,4.969229726757697,5.838947435918219,0.0340852393788561,-3886.721006933441,-3913.6541008615577,1.4691289250068817
130,c_770_005_split_1,c,0.0054232301328671784,0.043029349162020704,0.043369383191176634,0.5506352984422991,5043.295449759457,0.4329475956855242,0.028126106701160874,5.281022238227489,6.797822632175916,8.14313475819105,0.2039129185947109,3859.227292315001,3810.3386207092,12.481368910050067
131,c_320_005_split_0_noise_added,c,0.005527093767683137,0.004592935037626342,0.007186128520156237,3.7845578348985773,1717.280384577137,0.050691139729287,0.005592366250919145,4.596195114660613,5.370391369300209,5.906059674156154,0.0330288487976654,-220.76467765209023,220.76467765209023,0.14695094378675172
132,c_770_010_split_0_noise_added,c,0.0054386975575488996,0.02915546899288369,0.029658172615202576,-0.414522163370147,6076.748432569063,0.2419680710589453,0.02117876582020182,4.113518252086143,4.9811429092088755,5.760460048138661,0.1219994343761572,-796.6272539728686,796.6272539728686,2.7864798332766316
133,s_425_020_split_0_noise_added,s,0.00551463903773626,0.002078744185677114,0.005893402298800567,-0.38770648340680003,5904.024052651928,0.0164282392663266,0.005292379018023835,2.319005678210886,2.4769891502282713,2.5823610418595404,0.0136668333948996,-1943.3630206606888,1943.3630206606888,0.13788376999980972
134,c_570_001_split_3,c,0.005474105373584437,0.013576654799172215,0.014638442955272639,0.37865678154749816,4174.763389100886,0.1165535468780203,0.009748101433484384,4.175867218003645,5.277188791056161,6.270779441170586,0.0554253528184809,-1009.7899021123012,-911.6908831013913,1.2311066041603125
135,c_425_025_split_3,c,0.005510628624589676,0.0031334618123933814,0.0063390882463179215,4.089519270216001,1930.8865900117632,0.0422968800489046,0.005288790269351191,4.0888539282964205,4.566355999319472,4.900857201311259,0.0259196058777747,-612.375504975789,-1349.146034149795,0.16136512929088015
136,s_425_025_split_1,s,0.005512704544831529,0.002262711121015798,0.0059589389859199,-0.4013592720375936,3478.4015951289,0.0154410875274732,0.005256502567699699,2.271856468333988,2.4525518103004096,2.575448961588543,0.0135378540795697,2905.48378062974,3864.245430157477,0.15894521958560937
137,c_770_010_split_0,c,0.005437604573919499,0.029008112764750984,0.029513127356492207,-0.42402009076156144,6093.945244461946,0.240756302455854,0.02109461323148575,4.101913236566928,4.963529334513794,5.7389195254543335,0.1210602877560809,845.3566185830042,783.316866741316,5.198611540545185
138,c_570_010_split_2_noise_added,c,0.005464866152979422,0.003940328786939288,0.006736912099623901,2.7268228528422433,1370.5923930356932,0.045693996700500894,0.005274742873504247,4.067839538511064,4.711226989494644,5.195452757324178,0.0274046774063237,2233.599999985367,-2233.599999985367,0.10818543097638915
139,c_570_010_split_1,c,0.0055088565962943346,0.011784987004984674,0.013008761058204059,1.4906594448793324,3507.705494926785,0.1196182231188429,0.008231912971715685,4.689419846189167,6.134791112652012,7.410615550757046,0.058614680838168,3904.06095943418,3826.761732425583,1.526886303222024
140,c_770_001_split_3_noise_added,c,0.005466004430373074,0.01966396362706418,0.020408766161679637,-0.353438963086969,3548.6851357893624,0.1256383077470258,0.013975138259375736,3.149308279386034,3.9003433057946966,4.599131332522664,0.0642734962450312,-847.2000000019744,847.2000000019744,0.8318286649809228
141,c_770_002_split_0,c,0.00546850366072003,0.014140067507099995,0.01515997086319747,3.312442853022805,1899.48874175973,0.1604583215885068,0.008789469357312618,5.493717789716015,7.62777124949324,9.475498262410312,0.0771737199657824,933.5751046660512,959.9744006848856,1.305385027963466
142,c_425_025_split_1_noise_added,c,0.005452646590271003,0.012877581234755199,0.013984189538322407,-0.487096092421496,5673.387407072318,0.0733942219480842,0.00962071500249161,2.955536805980176,3.6431565672255073,4.2960202928379845,0.0413307868823148,835.2000000019465,-835.2000000019465,0.7409441501304561
143,c_570_002_split_0_noise_added,c,0.005508811031201822,0.0022621458564371657,0.005955081281978609,-0.3140753267531635,2849.0516159514113,0.0157745991450216,0.005251787405825491,2.1925728621808425,2.3661244560008683,2.4861915766933205,0.0130569496109474,1162.0168927696195,-1162.0168927696195,0.07456496813661405
144,c_570_002_split_3_noise_added,c,0.005499282430497782,0.003677683259014337,0.0066154363946559925,3.396388894955968,1886.3501366981968,0.037214376737221,0.005356018147520797,3.308524955751276,3.763101999767617,4.086494071166627,0.0218873364049046,-2508.960573482549,2508.960573482549,0.10543901148947905
145,c_320_010_split_2_noise_added,c,0.005501566467078301,0.0030682296616326506,0.006299247076083164,0.24287792882316417,3374.119086258651,0.029528172027796,0.005119360220341618,3.3121038640026113,3.737710901178967,4.075462495899527,0.0208637605810022,-2874.400000006699,2874.400000006699,0.16127510819238441
146,c_320_005_split_3,c,0.005450661247125477,0.005161900339248395,0.007506951052841605,9.135105047816975,2625.689141272426,0.1089272265281799,0.00555012121073622,7.960328310423563,9.664245516897594,10.76693512121912,0.059757794990899,-1038.5083513832697,-965.8230524419512,1.3879340865401217
147,c_570_010_split_0_noise_added,c,0.005469060469222933,0.012044885022508415,0.013228154621237763,1.3877931840492117,2991.697227250519,0.14030036986843059,0.008371789959106722,5.323948308518593,6.96350191751756,8.412300328193579,0.0698743584478694,896.364145444233,-896.364145444233,0.7574096102328605
148,c_425_025_split_0,c,0.0054944632800674065,0.009214868393205988,0.010728462480250512,1.4460577175796026,4356.2114082116,0.0783717959115829,0.007104684291432744,3.848846928606271,4.917168305703593,5.81196970505395,0.0412922098657798,918.658500815467,911.7252291111994,1.2613421756330399
149,c_770_010_split_1_noise_added,c,0.005412221826821968,0.030630161239574964,0.03110440340782382,-0.15204981075986135,5575.801788894752,0.26697436719391177,0.02211170930649033,4.482939185155639,5.4551187315981515,6.306122558643315,0.139439148867822,896.3200000020889,-896.3200000020889,3.159232033668724
150,c_320_005_split_1_noise_added,c,0.0055160270911615815,0.007488908143058536,0.009300608939546326,3.28647623224178,1642.272776834712,0.0753460262309863,0.006483614792849001,4.804974397757229,6.035920599668963,6.89263462834981,0.0446891878380721,856.000000001995,-856.000000001995,0.22924398083303452
151,c_770_001_split_0,c,0.005521559019867545,0.011422527469151044,0.012686658768078172,0.46435880369645854,3282.5834283505037,0.085715940895379,0.008461955024076142,3.4045144059727077,4.301162564884047,5.104247471972081,0.0431919125395821,908.7818243656308,1414.1717165689645,1.1197660108187455
152,c_570_005_split_0_noise_added,c,0.005458371552086645,0.007429865390962176,0.009218495703670393,0.5806986902465692,1520.7188906426486,0.061463289940696594,0.006380691250622838,3.8473973315369703,4.767360111179104,5.558522482595351,0.0354672157710865,-954.0430482861094,954.0430482861094,0.20955701145454417
153,s_425_025_split_2,s,0.005511130800626841,0.002422651238538666,0.006020038425705163,0.1388768611099147,3139.618051287576,0.020379627926568097,0.005249102920549545,2.51676699492249,2.7344377813659424,2.8864044480182702,0.0151510340179799,-2905.48378062974,-3864.245430157477,0.15894521958560934
154,s_570_005_split_0,s,0.00549083106228264,0.002229105351153255,0.0059259790635636375,-0.30739800864181444,3483.1767912807895,0.015198440638073,0.005240109441346463,2.122264638991893,2.286587021214576,2.400044495020285,0.0125764958180074,905.5586030374004,256.44541963855704,0.27406256144924906
155,c_570_001_split_2_noise_added,c,0.005478771964321314,0.012473904595762487,0.013623839920132058,0.49990261090132204,4125.581737912511,0.109309211373685,0.009064326387591108,4.19197957541279,5.3000374837210265,6.300618075941164,0.052198352689798,-944.0000000022,944.0000000022,0.8823519710439729
156,c_570_005_split_3,c,0.005497247052139553,0.008553114758422332,0.010166327382485974,3.705285487067729,1092.4208641469288,0.1034193246597999,0.0067306145082758435,5.34426233035175,6.890815177903468,8.07229717307955,0.0543315204682433,-962.111846404867,-925.0236346386932,0.539782400508072
157,c_570_010_split_3,c,0.005494914848871489,0.005909130168608342,0.008068502639505905,1.8562156920454367,1543.2406425416457,0.0513833315635609,0.005697282477516336,3.614776862794463,4.435199334551143,5.119254095927591,0.029165836658682,-980.7215422789036,-887.1290296796934,0.19638362872496307
158,c_770_010_split_3_noise_added,c,0.0054329711895969935,0.035636492162688785,0.03604797401040993,-0.24159467016293812,4885.466369662663,0.34189328819229003,0.025165286843112433,5.116147071407831,6.282238397445951,7.328616511042104,0.1844267366635444,920.9600000021464,-920.9600000021464,3.559185917893438
159,s_320_010_split_1,s,0.0055006428682516685,0.002381461158291224,0.005993994953611297,-0.26669296294773437,3983.587097789472,0.019709550831634,0.005220898491930986,2.805717201944076,3.051784464511656,3.2211801810942977,0.0168174547497132,3661.526769473144,4636.307273865328,0.39188906651564465
160,c_570_005_split_1,c,0.005493317033699736,0.008860788359393105,0.010424359231773499,1.2924795077767017,1428.8397710073782,0.0894297129395982,0.006910357191015882,4.485288971903719,5.704071266411899,6.766113850413401,0.0426734494381618,3875.354519645908,3933.532106730103,0.4633981549225953
161,c_570_005_split_0,c,0.005464449321930658,0.007369031411394317,0.009173169327148007,0.6045340132072621,1558.138843565102,0.0597889276242652,0.006352380813848543,3.755382669174529,4.65451207909751,5.422968509298874,0.034448761112575,962.111846404867,925.0236346386932,0.5615736812165714
162,c_770_005_split_3,c,0.005413639672212075,0.04063750428152085,0.04099615701976057,0.8986664481876239,4733.248435402633,0.4169093880691372,0.026842084138121274,5.159851674906597,6.625808385744707,7.880687966502703,0.2053752986059918,-945.8624628315024,-845.8629072741827,6.028744152604382
163,c_425_020_split_1,c,0.005507952612297908,0.0022920660699991794,0.005965804946386342,-0.11577727761165812,5356.6213800106025,0.0188663146069272,0.005243516368783193,2.5558421044436157,2.7632215407550076,2.907906526171589,0.0152476554688722,3011.1598512357464,2569.565739152289,0.20552617400488757
164,c_770_001_split_1_noise_added,c,0.005515788683883366,0.016862264769541925,0.017740832874629586,-0.06427697241081898,3344.245574602315,0.1153969221925053,0.012053969161906593,3.3416639461183415,4.165667444128093,4.918205845308773,0.0592839015912607,3820.8000000089046,-3820.8000000089046,0.797238350175801
165,s_425_025_split_0_noise_added,s,0.005534918612062121,0.0022445739952784848,0.0059726569040419435,-0.4447704079962209,3340.9980114297437,0.0155280005831382,0.005276516888955394,2.365397222643912,2.550914998810561,2.6774681764399126,0.0141277060526258,-119.98080307178816,2473.204287319794,0.09069629057492344
166,c_425_025_split_2_noise_added,c,0.005460365529644209,0.013012782613001211,0.014111771056073674,-0.636210229903921,5697.254499255579,0.0761932914381842,0.009904167104817478,2.9431592128481854,3.5926726764875516,4.193506486081548,0.0415331889932876,960.3555555577937,-960.3555555577937,0.703297326433812
167,c_320_005_split_2_noise_added,c,0.0054382700313678894,0.007978004364331277,0.00965514783663514,6.2734843104992475,3317.745304823264,0.11643160470210989,0.0062745805186979016,6.301570534156233,8.289688400280879,9.69667931249822,0.0608425951102623,-860.1142857162903,860.1142857162903,0.6985764328643455
168,c_425_020_split_2_noise_added,c,0.005499008052746932,0.0034756765190069733,0.006505288044724128,0.7903962850888857,4342.577281037452,0.0304679636949202,0.005180131340781141,3.1523756329487873,3.6044426175503945,3.9588014605067943,0.0205071115175014,3299.733333341024,-3299.733333341024,0.18440569024048972
169,c_770_002_2_split_2_noise_added,c,0.005518166399005094,0.016372374370639348,0.017276670934183967,2.4178174179353213,1792.2804808228882,0.2038589383027839,0.010416867219997464,6.228365468710106,8.407245189135523,10.329921500215224,0.107605420660739,934.4000000021776,-934.4000000021776,0.9908506115679577
170,c_770_002_2_split_3_noise_added,c,0.005500756558161049,0.0051964958362674864,0.007567016017095445,1.4837913374407483,2773.8005098764324,0.0518100624062305,0.005555767564646716,4.02807673840406,4.823917087167075,5.486284449974343,0.0304805211975931,-3340.000000007784,3340.000000007784,0.32795270303058627
171,c_320_010_split_3,c,0.005476240270477533,0.004585202640534098,0.00714224116283543,1.4975433473561024,3414.3832535170773,0.0405191750188863,0.0055333218449291075,3.2730795020346126,3.7938738482388215,4.224790063510937,0.0233771231486645,-1928.5614287759192,-1780.364392716295,0.14651627044323898
172,c_570_010_split_2,c,0.005471127952587314,0.003885541967486095,0.006710130123554692,2.8671791596397656,1421.9455691796518,0.0448041642991653,0.005275285559330673,3.9216671014404088,4.529276789522877,4.988335940484618,0.0263148965519287,-2668.586513085173,-4837.213022969438,0.13285131534086264
173,c_320_005_split_2,c,0.0054453193985227735,0.007912046260411702,0.009604714910438437,6.494952117064413,3234.4245305340824,0.116348503558934,0.00628995500360631,6.463749806329457,8.482305466136578,9.87009829269072,0.0620824741421961,-4660.259084244665,-3925.006142831188,1.6552038881612765
174,c_425_020_split_0,c,0.005483256949039844,0.004316476683246147,0.006978294009839336,3.899070090010386,1787.4201808217185,0.06919714955315309,0.005265265326790145,6.2454984874284944,7.374850816128761,8.277441302251008,0.0435829246832829,715.185696287741,905.3818923642629,0.6477260719341897
175,c_425_025_split_2,c,0.00545978161489046,0.01293636868895927,0.014041114625617936,-0.6494572852514473,5461.047611127382,0.07702977190636959,0.009846812692968865,3.070417997087669,3.747910308716217,4.378278778111873,0.0431120910456682,-3886.365454538351,-3742.8111750205007,1.1579819416061883
176,c_770_001_split_0_noise_added,c,0.0055115960403989625,0.011486885937658968,0.012740317280894064,0.4383369482125481,3244.8223697109365,0.08676229836047411,0.008485724586087732,3.4440964754358974,4.352464893665444,5.170905725010369,0.0438788818430623,3848.492120639319,-3848.492120639319,0.6370542431719732
177,s_320_010_split_0,s,0.005494420600881378,0.0021383713838935654,0.005895839561379951,-0.8282530595624111,4661.343747887865,0.0163990140225237,0.0052694655870107595,2.3980671027489566,2.5724559127944073,2.6831219716251336,0.0141386188952311,1928.5614287759192,1780.364392716295,0.16846587848789757
178,c_770_002_2_split_3,c,0.005505380801063604,0.005145737429003891,0.007535629579794652,1.545194733255797,2786.933345508842,0.0514212528059213,0.005557831057790332,4.009119741177268,4.792065250762662,5.435796985625793,0.0302112413105541,-1071.7785644312094,-1259.5748085067655,1.263643344510678
179,c_570_005_split_3_noise_added,c,0.005492906225128665,0.008606227261265259,0.010208702979784946,3.592176769665244,1084.4353447319634,0.1037324082374789,0.006724626960436912,5.38328556731526,6.9522168971067195,8.172403277595933,0.0549563634120846,-963.0491707907228,963.0491707907228,0.3160748514297709
180,c_770_002_2_split_0,c,0.005478856819074518,0.008628536764479949,0.010220741806963843,8.492365577185451,1795.9912804506077,0.1259532022978192,0.0064577217027513775,6.215785119127083,8.296980531848599,9.837824817241401,0.0635299348301659,1071.7785644312094,1259.5748085067655,1.285481685704482
181,c_425_020_split_3_noise_added,c,0.0054720655567189495,0.0057359696738360074,0.007927308335642569,4.897659349759796,2063.8230532209495,0.0835738729015096,0.005842629157919043,5.41094766608009,6.5025916564893596,7.341600737897929,0.0428942505370424,-120.00000000027968,120.00000000027968,0.4649798478037084
182,s_425_025_split_2_noise_added,s,0.005509715244394563,0.0024924273677575095,0.006047161508244254,0.07036469634493825,3005.1976033958917,0.0201494291402918,0.005224661873291197,2.6292184247481822,2.870247696829393,3.0431267784393996,0.0158993084549038,-3551.99999997673,3551.99999997673,0.09857085817162516
183,c_770_002_split_3,c,0.005478781468134186,0.025896455200417404,0.02646831888958934,19.269059227829946,1027.0442003922733,0.4770222242751446,0.010077327796593667,9.383126713919372,17.591154098105736,24.644984767627736,0.2483555900454425,-933.5751046660512,-959.9744006848856,1.2836814228413804
184,c_570_001_split_0,c,0.005505589249504947,0.009059098023268826,0.01060073051352974,1.3362058353704134,3878.34242907533,0.0843736334531395,0.007023440793008266,4.0755687310432345,5.1953651570235255,6.151401724659893,0.0432040058071577,1009.7899021123012,911.6908831013913,1.253011799896449
185,c_770_002_split_1_noise_added,c,0.005451978029225696,0.02094554945329537,0.021642396123206807,0.3131114102515187,2738.207195968396,0.15152610896576918,0.014068164907909938,3.5337018859445677,4.525103008631342,5.436229707112337,0.0764777759969353,-870.3999999865671,870.3999999865671,0.8812756149799589
186,c_570_001_split_2,c,0.005484491589978387,0.012395118786746694,0.013554057406522785,0.5051964068337509,4186.753998232928,0.11043866268761471,0.009028043863972683,4.372565030407205,5.525861159423398,6.564655459019226,0.0511726652517214,-3871.761282430588,-3895.6610434332456,1.8190142928299096
187,c_425_020_split_0_noise_added,c,0.005482846278523707,0.004371601430081963,0.007012201767475827,3.6721886571830265,1815.4247363857046,0.0696893995544734,0.005273806549311262,6.149449782550521,7.27257274806756,8.176481679980478,0.0431211826342046,119.99040077034968,-119.99040077034968,0.2452410675289417
188,c_570_001_split_1,c,0.0054909097714943185,0.012458963959678852,0.013615052847343252,0.5140854090765026,3811.9434583954508,0.11053354979283861,0.009065761025303029,4.146428370715661,5.242889724766639,6.227148635117491,0.0564538413950171,3871.761282430588,3895.6610434332456,1.8190142928299093
189,c_770_010_split_1,c,0.005424237357009727,0.03049855636823422,0.03097691735567789,-0.16010772941082507,5521.841522848655,0.2687888823397853,0.022049465020712828,4.526732847827126,5.503958563784164,6.359529774833515,0.1402242293183733,4018.2639269893466,3489.94604025497,6.726847503902404
190,c_425_020_split_1_noise_added,c,0.00550531121317843,0.0023721804195143558,0.005994613530262978,-0.09538260455016667,5431.621286510849,0.018891095797961402,0.005222735939706559,2.5205630408279296,2.737880995621388,2.893081611412437,0.0151098013084279,-891.7333333354117,891.7333333354117,0.14647874583518344
191,c_570_002_split_1_noise_added,c,0.005528131903397776,0.002481575462060962,0.006059445759671751,1.2410389597226148,2116.6560098244877,0.0256433123847652,0.005301904189601289,2.949764082749535,3.2010746369183787,3.3712294345690252,0.0178739354632487,-2160.225236759578,2160.225236759578,0.0797848014237921
192,c_770_010_split_3,c,0.005429938403805803,0.03544409762666614,0.03585733100905427,-0.2423136413236615,4845.00781677422,0.3436638409597427,0.02506932845575054,5.158851673384848,6.331270727538848,7.3788435300803465,0.184982652079174,-845.3566185830042,-783.316866741316,5.176962146269486
193,c_570_005_split_2,c,0.005494871037657806,0.010488476707286592,0.0118393307937965,0.7727540266222301,1569.9848420318483,0.0833870570068353,0.007794083220362978,3.727162126872226,4.757382127722849,5.661615881501373,0.0441271053421504,-3875.354519645908,-3933.532106730103,0.4633981549225953
194,c_770_005_split_2_noise_added,c,0.00541874422019011,0.04102540137144157,0.041381353592243264,0.742878010768842,4893.667604378479,0.3957480840565214,0.027179220193485357,4.845472583588002,6.205689598700238,7.377408655419657,0.2005122143029756,4395.377777788021,-4395.377777788021,4.457054319007112
195,c_770_002_2_split_1,c,0.005463855947357671,0.016310904884114682,0.017201106252292528,1.8452690397900433,2413.0466107749016,0.16207349352737432,0.010649140615462713,4.792956986557334,6.350702241174482,7.7418606219482475,0.0796293311389338,3909.32181357284,3782.524349521825,2.2192862066774097
196,c_570_010_split_0,c,0.0054832406141818975,0.011967546173834252,0.013163675793582854,1.4153401817768216,3071.869504410455,0.13958675417239141,0.008327551274535204,5.459401666395033,7.1451460111081655,8.629883046547958,0.0677209606090212,980.3901961090316,1196.0880391330195,1.4940869988127068
197,c_770_005_split_1_noise_added,c,0.005429905327523687,0.04320335967562729,0.04354286366750396,0.5422637314123819,5093.886012883393,0.4358601872852978,0.028277225647551793,5.3548178443750665,6.887817477204633,8.245649918705093,0.2026960839233568,-870.2222222242503,870.2222222242503,4.919820562518118
198,c_320_005_split_0,c,0.005526684308352971,0.004544324030799209,0.0071548456816851605,3.92617948354037,1743.699510456288,0.050260316198158905,0.00560110992534095,4.526787314913539,5.275152702528619,5.782508307055723,0.0323884646720163,897.9640814388354,954.761809529844,0.5737626764271061
199,c_425_020_split_3,c,0.0054860643698586035,0.005674524844234331,0.00789269019153087,5.062982220576961,2066.730643617653,0.0839774503061662,0.005858661394857567,5.403353039958479,6.470215176828267,7.279306426087731,0.0426469915398588,-715.185696287741,-905.3818923642629,0.6258245178663142
200,c_570_010_split_3_noise_added,c,0.005493888374133383,0.005956775453523832,0.008102754386967722,1.7727233173954247,1512.6227338977465,0.053150387527815104,0.005706736031382581,3.687630486878243,4.527308721459654,5.235911375741263,0.0298799641050686,-2268.799999964985,2268.799999964985,0.14819778202066536
201,c_320_010_split_2,c,0.005491342021678852,0.0029987605036882917,0.006256730963719951,0.2800698163476394,3384.8261177310665,0.0285417969455271,0.005121272438666395,3.3016360218679073,3.7127340943176077,4.033655419888851,0.0206574483289541,-3661.526769473144,-4636.307273865328,0.3918890665156446
202,c_770_005_split_2,c,0.005409283252808233,0.04081236547494617,0.041168919216185235,0.7546960932384765,4934.485484219058,0.3957328018468116,0.027048699135332803,4.807009046517999,6.157003250139917,7.316409788042702,0.1978334347392405,-3859.227292315001,-3810.3386207092,12.481368910050067
203,c_425_025_split_3_noise_added,c,0.005507640423506364,0.0032026272062732415,0.006370971901181136,3.793776778781824,1964.833056470648,0.0425181729156649,0.005269822313213731,4.018394817734941,4.506133818929955,4.858053829907734,0.0256010804716412,-1668.8000000038892,1668.8000000038892,0.12185909478457257
204,c_570_002_split_2,c,0.005464160637473235,0.012737217047232066,0.013859229874479009,1.0904405997377271,2421.5844993273354,0.1124981202781086,0.008833652465757945,4.221657399952228,5.5026122083098965,6.623412069246842,0.0585089203572333,-3914.175183885328,-3837.5202980316776,0.9242613070991236
205,c_770_002_split_0_noise_added,c,0.005463088749078212,0.014218945634882468,0.015231618110054747,3.3008160284509254,1840.6471872423729,0.1661808222574128,0.008815406856587204,5.657364575126442,7.854727499902746,9.775024354467318,0.0800100055397347,-970.5631399296924,970.5631399296924,0.6455348064299112
206,c_770_002_split_2_noise_added,c,0.005461294163424828,0.03114333060246209,0.03161691506460841,4.610018221798841,1481.3666632658487,0.4174788181190985,0.017568070692698712,6.682962763492798,9.547512033984509,12.027198078221904,0.206184152045806,3830.399999974906,-3830.399999974906,1.3894237532196327
207,c_570_001_split_3_noise_added,c,0.0054763536922664115,0.013658335510841103,0.014715064277275362,0.3877463005622537,3901.2690394147535,0.12237049655979831,0.009787919749542632,4.264448941947515,5.392227914799605,6.411131465483138,0.0596188562718817,1064.4000000024807,-1064.4000000024807,0.9304001717427759
208,c_770_010_split_2_noise_added,c,0.005436224309648173,0.030811919098527842,0.03128756467495196,-0.24034848505845607,6116.52997800674,0.25369296592201174,0.021994432477019855,4.0867386541282675,4.998489168736897,5.81347575502386,0.1278640999506643,-921.1200000021468,921.1200000021468,3.0982954712649424
209,c_320_010_split_3_noise_added,c,0.005467325749657802,0.004639946588147996,0.007170706580623005,1.4569786784530718,3280.5543625069527,0.0408599862711547,0.005530366083182229,3.406481931960622,3.958249050486168,4.416865364585037,0.0244268824062834,-701.6000000016351,701.6000000016351,0.23573488127851794
210,s_320_010_split_1_noise_added,s,0.005501156709757766,0.002464907678475005,0.006028101603915518,-0.26793131486823896,3838.6726663064333,0.020774233194213298,0.005197900599024969,2.9115658171615104,3.1834209381688017,3.3765968082631646,0.0175512145723369,645.6000000015046,-645.6000000015046,0.12330074951287648
211,c_770_001_split_1,c,0.0054953041213282655,0.016751220145929793,0.0176289334757716,-0.06879163382006315,3308.4913205473567,0.11601614172654551,0.011977365598737534,3.3777439053763367,4.210748601499255,4.971545880869563,0.0595460226060724,3868.122637556264,3811.123777533332,1.8281215041099113
212,c_770_001_split_3,c,0.005478484639962748,0.019542545523255937,0.020295179885677236,-0.3686767764705299,3597.781857733179,0.12537008336709501,0.01391779037452576,3.106365006857768,3.844698545071343,4.529759028426206,0.0630442366047514,-908.7818243656308,-1414.1717165689645,1.097880900008742
213,s_320_010_split_0_noise_added,s,0.005489314166150514,0.0022217169491638867,0.005921841045350237,-0.7180726473590542,4727.449086486026,0.0171899608231872,0.005242912863376651,2.364549315078846,2.5497160227540414,2.6707453571468522,0.0140024851877887,-446.3642908577718,446.3642908577718,0.10409002062591693
214,c_770_010_2_split_0_noise_added,c,0.005427146618447712,0.0029139472897459825,0.006159867230474155,-0.38184432957350145,3589.319767873782,0.020851345638439,0.005025944707808467,2.5104858223569764,2.8229571666540436,3.076886087839553,0.0154642593497067,-11.07555993111122,4480.67930101955,0.15615949462377784
215,c_770_010_2_split_3_noise_added,c,0.005416858044117105,0.0028590648613894317,0.006124997705303884,-0.24469673823559823,3215.812916312708,0.0230402453904757,0.0050462012555384786,2.801631640793036,3.138698582624243,3.400575304468899,0.0171599873709641,-4979.692307703914,4979.692307703914,0.14260321296315678
216,c_770_010_split_2,c,0.00542283950921548,0.0030652817678332527,0.006229023610580811,0.10097087468478971,2096.547119300057,0.0243720771807658,0.005084704935017374,2.9776114957924635,3.3456416399664333,3.64772637694162,0.0185476123104281,-3565.851785494039,-2852.297452969658,0.14694280515195407
217,c_770_015_split_3_noise_added,c,0.00540840717640948,0.0036081947646773123,0.006501380902263468,0.3218741633983,2834.583434091762,0.0280313598520874,0.005144443790297238,2.8560037942797085,3.270151306457454,3.6093247942454965,0.0185679685249221,-120.39012496218244,-1094.1786040866707,0.14145761794206685
218,c_770_010_2_split_1,c,0.00542986343283896,0.0024675498260470136,0.005964182228291919,-0.4767788070390351,3753.0592409712194,0.0201435129915884,0.005117734490737129,2.4008894081164107,2.629470566851945,2.7979845312216898,0.0143193419399822,3263.5918894879296,4441.709485872325,0.16930658850462438
219,s_770_015_split_3,s,0.005405125799306992,0.0021761936927598125,0.005826679455651679,-0.8434591751650373,3559.002565142894,0.012128275847582099,0.005156616175304521,1.9228606370958863,2.0724255840494163,2.1727218372203665,0.0112038925702479,-327.9825076003591,-1038.8779265130074,0.2407260022036287
220,c_770_015_split_1,c,0.005373229232250523,0.0055224320549369784,0.0077048167620566025,0.13457536835033723,2829.018088384082,0.039542662635768,0.005697629134446695,2.86183325889503,3.3988166639793382,3.870013358720793,0.0220499008633455,4785.341510810741,4715.629880777437,0.21909612207384957
221,c_770_015_split_3,c,0.005399306115678914,0.0035550150509408413,0.006464418967385355,0.35517849559023107,2944.176492154285,0.0269287700186078,0.005133743114533706,2.749817716882821,3.1416607977593753,3.4625756313255223,0.0177759738058696,-1633.8425202887493,-1646.4134699668862,0.37007489003968635
222,c_1030_002_split_3,c,0.0053837568132139415,0.007034395289605906,0.00885792850035239,-0.17153742980789666,3655.19535436802,0.047849816685639,0.006366595804801765,2.818976187017497,3.3994117281363936,3.922078654649962,0.024970289508797,-1674.3135455675358,-1623.4912119752669,0.6347234802854994
223,c_1030_002_split_0,c,0.005394675787555581,0.009157165452002205,0.010627714457959556,-0.5301212109030922,3620.177970033248,0.053106503896451995,0.007731493066684631,2.846356924951457,3.4041284720274465,3.9126037342217557,0.0302502686438199,1674.3135455675358,1623.4912119752669,0.6562160517463655
224,c_770_010_split_0_noise_added,c,0.005414898870384323,0.0028241485032677633,0.0061069553075465,-0.5224655203030983,2944.73198077965,0.0168536915142476,0.005022995597121825,2.1214151232010394,2.3754984054825665,2.5792153498134525,0.012955387346142,970.053749690938,-970.053749690938,0.09708479808865932
225,c_770_010_split_0,c,0.00541756857029378,0.002745740189091625,0.006073484071230167,-0.5311174467752395,2691.457831602755,0.0176397199979564,0.005039353541577597,2.320783182224902,2.586942141156272,2.797033304714162,0.0140952396900218,1805.3244592388164,179.8284909769966,0.2714482927457833
226,s_770_015_split_3_noise_added,s,0.005403956577706966,0.0022648590579704944,0.005859286545107388,-0.7480136025201385,3247.6094824000893,0.013795796840336001,0.005129848327287765,2.107064778609923,2.283570020643642,2.4066786227003867,0.0123458963069788,-119.4794111374664,4337.529336472665,0.07952994007229927
227,c_770_010_split_1_noise_added,c,0.005417367043548869,0.0032198942561469154,0.00630181966409101,-0.32326128951103605,2504.8042016006916,0.0209665887632034,0.004986501518404103,2.4934582101878235,2.853097754505324,3.1511720035692976,0.0157133239805508,4259.022267734523,-4259.022267734523,0.11270043536230287
228,c_1030_002_split_3_noise_added,c,0.005379658812195391,0.007087255350113455,0.008897482221410591,-0.16928095760009532,3493.4847165667184,0.0497050449400956,0.006392584299523351,2.949359889966238,3.5586658529153863,4.105049844625868,0.0262418771855161,-1421.1764705789249,1421.1764705789249,0.2791715285724748
229,c_1030_002_split_1,c,0.005398099896823761,0.00803253227294672,0.00967755054717991,-0.16579705993303717,3434.630996284152,0.053340211134867796,0.006981620678759003,2.9998558589670155,3.6106746670832224,4.158240334902793,0.0290312567094071,3414.7431825213107,3464.1537846249057,0.4203405292165752
230,c_770_010_split_3_noise_added,c,0.00544315448700935,0.0029814572855805135,0.006206024698881829,0.0019254383845432876,2535.2359769367304,0.020478405953431998,0.005102531385180008,2.463259394451982,2.758528484207752,2.99597346644883,0.0152870486417217,-2762.416794681297,2762.416794681297,0.11155318030488233
231,c_770_010_2_split_3,c,0.005424914696088762,0.002793891594588327,0.006102013518879055,-0.28807984917304585,3415.887544924068,0.0215007820125085,0.005055292772701073,2.637679957890243,2.9451098216282654,3.183823269037465,0.0160951587615226,-416.2948832353322,-119.99630780619331,0.25801425670735245
232,c_770_015_split_2,c,0.005376430930495453,0.005372424368613872,0.00760029968613761,-0.08797443844358988,2861.1096392788486,0.0388812823453481,0.00571365373242561,2.8297729786955004,3.3306692603070718,3.764162773772031,0.0215071226818201,-4785.341510810741,-4715.629880777437,0.21909612207384957
233,c_1030_002_split_2,c,0.005377292739833533,0.006881154182515639,0.00873276036521134,-0.07423259953298089,3463.244042417789,0.047709720070266,0.006295290194279211,2.975092021809847,3.5758147014791515,4.127016370830258,0.0259807656909175,-2515.4702242358803,-3414.7431825213107,0.4203405292165752
234,s_770_010_2_split_2_noise_added,s,0.005448558948315889,0.0023401358936233725,0.005929785545499992,-0.7822140638118324,4068.77123307798,0.0148067768487856,0.005159291922628239,2.2147121293103798,2.4093370309560367,2.5454593709320723,0.0131327679718282,4756.923076934164,-4756.923076934164,0.10319731652286243
235,c_770_015_split_0,c,0.005393997777995889,0.0036451402447540793,0.006509948169160758,-0.07110995978010459,2439.2743414337583,0.0262385547674973,0.005042822090271881,2.80458437815781,3.242643595494685,3.6205320376196233,0.0182576989378453,327.9825076003591,1038.8779265130074,0.2622696291221682
236,c_770_015_split_2_noise_added,c,0.005358389487147418,0.005424458720617816,0.007624474203343946,-0.10366228932761601,2872.159955945727,0.038985961237861,0.0057033788967508535,2.8188989484315723,3.325357385444223,3.7684016270414697,0.0214926223141499,-1683.681243322811,1683.681243322811,0.1790259997676864
237,c_770_010_split_1,c,0.0054094016277393036,0.0031517536307143802,0.006260402097152139,-0.3630243235513504,2572.4939147538466,0.019464005278234102,0.004984220890691141,2.4279484825741724,2.769254216736494,3.04961078279518,0.0151999337720847,3565.851785494039,2852.297452969658,0.14691311836544932
238,c_1030_002_split_0_noise_added,c,0.005404267576141162,0.009234456997980188,0.010699218613365135,-0.5098545221115516,3536.6313959142103,0.056030239900121306,0.007782650297716746,2.9135439062421433,3.486628833755105,4.005402016028891,0.0311726431925225,-120.4592508937793,120.4592508937793,0.35233807047741045
239,c_770_010_2_split_0,c,0.0054324301710349035,0.002840700404537788,0.00613024333079902,-0.4087133934965985,3760.1189315756433,0.0198117297093654,0.005041153901424566,2.3965323495719906,2.684923493299341,2.914278504541633,0.0146913264530078,416.2948832353322,119.99630780619331,0.27971838393795273
240,c_770_010_2_split_1_noise_added,c,0.0054149143999903905,0.0025413414890372555,0.005981548264545452,-0.45738801084598135,4025.827751335544,0.0193428680408765,0.005085743740215762,2.238321960466422,2.4630387024801284,2.6325807044209997,0.0133886308381219,195.69230769276376,-195.69230769276376,0.12404666615453541
241,c_770_010_split_3,c,0.0054326906281017195,0.002910815876514207,0.006163181592281865,0.0418321667550412,2621.5781567919003,0.0201668914946838,0.0051038814082879636,2.3822513503085543,2.657540224170164,2.8766827627633464,0.0146822476704103,-1805.3244592388164,-179.8284909769966,0.24983251573929818
242,c_1030_002_split_2_noise_added,c,0.005386490735262227,0.006933492002443797,0.00877969642083756,-0.08789748638266381,3305.2811695937103,0.0499862069029377,0.006307266083754434,3.1171477430047863,3.7528395061832884,4.339060778325414,0.027367610882481,-1707.2941176510378,1707.2941176510378,0.2773254482740324
243,c_770_015_split_0_noise_added,c,0.005387411616061921,0.003704102494603559,0.006537710035646541,-0.0944602444090461,2432.0206549928716,0.026083592055282698,0.005037399063693616,2.812935166567711,3.261262731061325,3.6507241605370107,0.0183901544680928,-418.0887372023396,418.0887372023396,0.14470208416054076
244,c_1030_002_split_1_noise_added,c,0.005389599193122876,0.008063786193897986,0.009698778648704234,-0.14534855229486254,3338.58421461529,0.0538350147882717,0.006998031891667871,3.086081583136124,3.714722635798726,4.27709142084895,0.02993122216668,-119.52941176392282,119.52941176392282,0.3146398563406324
245,s_770_010_2_split_2,s,0.00545067720187034,0.0022606257573232944,0.005900820434296269,-0.8849055595679545,4170.820020160517,0.014411394881934301,0.005184432950545996,2.1605555819564692,2.3385298379159845,2.4591022102231914,0.0127490505274416,-3263.5918894879296,-4441.709485872325,0.1693065885046244
246,c_770_010_split_2_noise_added,c,0.005412581696662104,0.0031363077948981925,0.006255393586418423,0.10599222016176135,2109.262879742167,0.024922079221004603,0.005076959410022383,2.959701246211591,3.33612016772286,3.646689819248521,0.0185140961932666,-120.32770097314268,1830.517153102064,0.11536622140550185
247,c_770_015_split_1_noise_added,c,0.005362344208447896,0.005570382027629371,0.0077316986135970624,0.13019464379242818,2842.4998641859497,0.0400115831222438,0.0057111503804216715,2.848276604589955,3.3863191687848953,3.8559685541362243,0.0220220162748491,1685.2049367706502,-1685.2049367706502,0.21051622570464157
